date,source,data_type,list_type,keyword,rank,title,price,rating,review_count,likes,comments,views,published_at,competition_count,product_url,image_url,hot_score,reason
2026-09-05,amazon_us,product,new_releases,New Releases Women Sandals,10,IDIFU Platform Chunky Block Strappy Heels Sandals | Slingback Heeled Sandals Thick Open Square Toe Comfortable Dress Shoes for Women Wedding Work Prom Ladies Cute Heel,,4.6,$36.98,,,,,,https://www.amazon.com/IDIFU-Platform-Chunky-Strappy-Sandals/dp/B0H1LQRCYB/ref=zg_bsnr_g_679425011_d_sccl_10/135-6066554-5315235?psc=1,"https://images-na.ssl-images-amazon.com/images/I/61zeFLRuxkL._AC_UL600_SR600,400_.jpg",79,排名靠前；标题包含 platform、comfort，符合美国女鞋舒适化趋势；platform + comfort组合趋势加分；评分达到4.6以上。
2026-09-05,amazon_us,product,best_sellers,Best Sellers Women Sandals,26,COFACE Womens Orthopedic Flip Flops Arch Support Yoga Walking Thong Sandals | Fashion Orthotic Ladies Slip On Lightweight Athletic Mat Recovery Cushion With Comfortable Plantar Fasciitis,,4.3,$24.67,,,,,,https://www.amazon.com/COFACE-Orthotic-Athletic-FlipFlops-Fasciitis/dp/B09ZKZW1LR/ref=zg_bs_g_679425011_d_sccl_26/131-8686917-9300068?psc=1,"https://images-na.ssl-images-amazon.com/images/I/71wrTj6AkpL._AC_UL600_SR600,400_.jpg",77,排名进入前30；标题包含 recovery、orthopedic、comfort、arch support，符合美国女鞋舒适化趋势；orthopedic + arch support组合趋势加分；评分达到4.3以上。
2026-09-05,amazon_us,product,new_releases,New Releases Women Sandals,8,Project Cloud Platform Sandals Women - Wedge Sandals for Women 2026 (Silly) | Womens Sandals Comfortable with Soft & Plush Insole - Non Slip Beach Essentials Womens Slide - Stylish Women Footwear,,3.7,$32.90,,,,,,https://www.amazon.com/Project-Cloud-Platform-Sandals-Women/dp/B0H27BLYKS/ref=zg_bsnr_g_679425011_d_sccl_8/135-6066554-5315235?psc=1,"https://images-na.ssl-images-amazon.com/images/I/71lcJ5wbS4L._AC_UL600_SR600,400_.jpg",75,排名靠前；标题包含 cloud、platform、comfort、soft、beach、wedge，符合美国女鞋舒适化趋势；platform + comfort组合趋势加分。
2026-09-05,amazon_us,product,best_sellers,Best Sellers Women Sandals,29,"shevalues Orthopedic Sandals for Women, Arch Support Recovery Flip Flops | Orthotic Pillow Soft Summer Beach Shoes, Comfortable for Plantar Fasciitis",,4.2,$18.99,,,,,,https://www.amazon.com/Orthotic-Pillow-Recovery-Sandals-Support/dp/B09LC836QG/ref=zg_bs_g_679425011_d_sccl_29/131-8686917-9300068?psc=1,"https://images-na.ssl-images-amazon.com/images/I/61qX-fKai7L._AC_UL600_SR600,400_.jpg",74,排名进入前30；标题包含 recovery、orthopedic、comfort、arch support、soft、beach、summer，符合美国女鞋舒适化趋势；orthopedic + arch support组合趋势加分；评分达到4.0以上。
2026-09-05,amazon_us,product,best_sellers,Best Sellers Women Sandals,3,"Joomra Pillow Slippers for Women and Men Thick Sole Ultra Cushion Slides | Cloud-Like Sole, Quick Drying Shower Shoes, Soft Open Toe Indoor Outdoor Sandals",,4.3,$20.34,,,,,,https://www.amazon.com/Joomra-Slippers-Massage-Bathroom-Platform/dp/B09652VJP1/ref=zg_bs_g_679425011_d_sccl_3/131-8686917-9300068?psc=1,"https://images-na.ssl-images-amazon.com/images/I/71pkhgTTRXL._AC_UL600_SR600,400_.jpg",73,排名靠前；标题包含 cloud、soft，符合美国女鞋舒适化趋势；cloud + slides组合趋势加分；评分达到4.3以上。
2026-09-05,amazon_us,product,best_sellers,Best Sellers Women Sandals,2,KuaiLu Flip Flops for Women with Arch Support Summer Beach Thong Sandals | Comfortable Yoga Mat Walking Shoes Cushion Slip On Casual Outfits Indoor Outdoor,,4.3,$11.98,,,,,,https://www.amazon.com/KuaiLu-Support-Comfortable-Walking-Sandals/dp/B0C5ZRQS2X/ref=zg_bs_g_679425011_d_sccl_2/131-8686917-9300068?psc=1,"https://images-na.ssl-images-amazon.com/images/I/710PdcSAm6L._AC_UL600_SR600,400_.jpg",70,排名靠前；标题包含 comfort、arch support、beach、summer，符合美国女鞋舒适化趋势；评分达到4.3以上。
2026-09-05,amazon_us,product,new_releases,New Releases Women Sandals,30,"QIY Flip Flops for Women Square Toe Platform Sandals Slides | Memory Foam Insole - Lightweight and Comfortable, Women Footwear Summer Thong Sandals for Women 2026",,4.5,$32.99,,,,,,https://www.amazon.com/QIY-Square-Platform-Sandals-Slides/dp/B0HCW248LF/ref=zg_bsnr_g_679425011_d_sccl_30/135-6066554-5315235?psc=1,"https://images-na.ssl-images-amazon.com/images/I/61c-vvOzT2L._AC_UL600_SR600,400_.jpg",69,排名进入前30；标题包含 platform、comfort、summer，符合美国女鞋舒适化趋势；platform + comfort组合趋势加分；评分达到4.3以上。
2026-09-05,amazon_us,product,best_sellers,Best Sellers Women Sandals,9,"ODOLY Unisex Comfortable Cork Footbed Slide Sandals with Arch Support | Adjustable Buckle, Lightweight Summer Sandals for Travel and Everyday Wear",,4.5,$17.99,,,,,,https://www.amazon.com/ODOLY-Footbed-Comfortable-Sandals-Adjustable/dp/B0CSMN1X4W/ref=zg_bs_g_679425011_d_sccl_9/131-8686917-9300068?psc=1,"https://images-na.ssl-images-amazon.com/images/I/61iYsM+H9QL._AC_UL600_SR600,400_.jpg",67,排名靠前；标题包含 comfort、arch support、summer，符合美国女鞋舒适化趋势；评分达到4.3以上。
2026-09-05,amazon_us,product,new_releases,New Releases Women Sandals,6,Project Cloud 100% Genuine Leather Block Heeled Sandals for Women(Opal) | Sandals Women Footwear-Memory Foam Insole & Non-Slip Womens Sandals Block Heels For Women-Womens Slides & Women's Sandals,,4.1,$47.61,,,,,,https://www.amazon.com/Project-Cloud-Genuine-Leather-Sandals/dp/B0GYFRPTZ4/ref=zg_bsnr_g_679425011_d_sccl_6/135-6066554-5315235?psc=1,"https://images-na.ssl-images-amazon.com/images/I/81FmD-R2JoL._AC_UL600_SR600,400_.jpg",67,排名靠前；标题包含 cloud，符合美国女鞋舒适化趋势；cloud + slides组合趋势加分；评分达到4.0以上。
2026-09-05,amazon_us,product,best_sellers,Best Sellers Women Sandals,12,Project Cloud 100% Genuine Leather Womens Sandals Slides for Women (Venita) | Cork Footbed Sandals for Women with Memory Foam and Arch Support Vacation Essentials Slides Women Footwear Flat Sandals,,4.3,$29.90,,,,,,https://www.amazon.com/Project-Cloud-Comfortable-Essentials-Vacation/dp/B0CNY8BFWN/ref=zg_bs_g_679425011_d_sccl_12/131-8686917-9300068?psc=1,"https://images-na.ssl-images-amazon.com/images/I/71Zk8CZeYSL._AC_UL600_SR600,400_.jpg",66,排名进入前30；标题包含 cloud、arch support，符合美国女鞋舒适化趋势；cloud + slides组合趋势加分；评分达到4.3以上。
2026-09-05,amazon_us,product,new_releases,New Releases Women Sandals,15,Project Cloud Pool Slides For Women & Jelly Sandals For Women Footwear | Womens Sandals Comfortable w/ Memory Foam Insole - Slip Resistant Womens Jelly Sandals Beach Essentials Sandals Women,,4.1,$29.90,,,,,,https://www.amazon.com/Project-Cloud-Slides-Sandals-Footwear/dp/B0H5YLFWRP/ref=zg_bsnr_g_679425011_d_sccl_15/135-6066554-5315235?psc=1,"https://images-na.ssl-images-amazon.com/images/I/81x+j68eH7L._AC_UL600_SR600,400_.jpg",66,排名进入前30；标题包含 cloud、comfort、beach，符合美国女鞋舒适化趋势；cloud + slides组合趋势加分；评分达到4.0以上。
2026-09-05,amazon_us,product,new_releases,New Releases Women Sandals,13,"MellowSoft Cloud Slides for Women & Men, Thick Shock-Absorbing Sole | Ultra Soft CloudFoam Cushioning Slides, Lightweight Anti-Slip Recovery Sandals for Indoor & Outdoor Comfort",,3.6,$39.00,,,,,,https://www.amazon.com/MellowSoft-Cloud-Slides-CloudFoam-Cushioning/dp/B0H53567M8/ref=zg_bsnr_g_679425011_d_sccl_13/135-6066554-5315235?psc=1,"https://images-na.ssl-images-amazon.com/images/I/51DtA9ZHO4L._AC_UL600_SR600,400_.jpg",65,排名进入前30；标题包含 cloud、recovery、comfort、soft，符合美国女鞋舒适化趋势；cloud + slides组合趋势加分。
2026-09-05,amazon_us,product,best_sellers,Best Sellers Women Sandals,1,mazeskin Womens Memory Foam Flip Flops Flat Thong Sandals | Soft Vegan Leather Comfortable Cushioned Casual Dressy Beach Summer Minimalist Slim Slide Shoes Indoor Outdoor,,4.1,$9.99,,,,,,https://www.amazon.com/mazeskin-Womens-Comfortable-Sandals-Leather/dp/B0F32KMZ18/ref=zg_bs_g_679425011_d_sccl_1/131-8686917-9300068?psc=1,"https://images-na.ssl-images-amazon.com/images/I/71jV8GHPNSL._AC_UL600_SR600,400_.jpg",64,排名靠前；标题包含 comfort、soft、beach、summer，符合美国女鞋舒适化趋势；评分达到4.0以上。
2026-09-05,amazon_us,product,best_sellers,Best Sellers Women Sandals,24,KuaiLu Flip Flops for Women with Arch Support Summer Beach Thong Sandals | Comfortable Walking Shoes Lightweight Soft Yoga Mat Cushion Floral Outfits Slip On Indoor Outdoor,,4.5,$15.98,,,,,,https://www.amazon.com/KuaiLu-Comfortable-Orthotic-Essentials-Slippers/dp/B0DZ6HP69D/ref=zg_bs_g_679425011_d_sccl_24/131-8686917-9300068?psc=1,"https://images-na.ssl-images-amazon.com/images/I/71KNoOx0PxL._AC_UL600_SR600,400_.jpg",62,排名进入前30；标题包含 comfort、arch support、soft、beach、summer，符合美国女鞋舒适化趋势；评分达到4.3以上。
2026-09-05,amazon_us,product,best_sellers,Best Sellers Women Sandals,5,"Archies Arch Support Flip Flops for Men & Women – Orthotic Sandals for Plantar Fasciitis Relief – Lightweight, Cushioning, Shock-Absorbing Thong Sandals for Walking, Foot Pain & All-Day Comfort",,4.2,$40.00,,,,,,https://www.amazon.com/Archies-Womens-Arch-Support-Black/dp/B086SYFKLP/ref=zg_bs_g_679425011_d_sccl_5/131-8686917-9300068?psc=1,"https://images-na.ssl-images-amazon.com/images/I/81xintmVcHL._AC_UL600_SR600,400_.jpg",61,排名靠前；标题包含 comfort、arch support，符合美国女鞋舒适化趋势；评分达到4.0以上。
2026-09-05,amazon_us,product,new_releases,New Releases Women Sandals,7,mazeskin Womens Soft Jelly Flip Flops Square Thong Sandals | Waterproof Beach Pool Vacation Summer Non Slip Splash Flexible Casual Transparent Crystal Clear Shoes,,4.3,$9.99,,,,,,https://www.amazon.com/mazeskin-Womens-Jelly-Square-Sandals/dp/B0H4P7PPPN/ref=zg_bsnr_g_679425011_d_sccl_7/135-6066554-5315235?psc=1,"https://images-na.ssl-images-amazon.com/images/I/71h3ePK+YmL._AC_UL600_SR600,400_.jpg",61,排名靠前；标题包含 soft、beach、summer，符合美国女鞋舒适化趋势；评分达到4.3以上。
2026-09-05,amazon_us,product,best_sellers,Best Sellers Women Sandals,28,KuaiLu Women's Rhinestone Flip Flops Arch Support Yoga Mat Cushion Sandals | Comfort Fashion Summer Beach Travel Orthotic Walking Thong Sandles Slip on Plantar Fasciitis Indoor Outdoor Shoes Size 5-11,,4.3,$15.19,,,,,,https://www.amazon.com/KuaiLu-Rhinestone-Comfort-Orthotic-Fasciitis/dp/B0DSKGBXR8/ref=zg_bs_g_679425011_d_sccl_28/131-8686917-9300068?psc=1,"https://images-na.ssl-images-amazon.com/images/I/71AzqGl1rjL._AC_UL600_SR600,400_.jpg",60,排名进入前30；标题包含 comfort、arch support、beach、summer，符合美国女鞋舒适化趋势；评分达到4.3以上。
2026-09-05,amazon_us,product,new_releases,New Releases Women Sandals,21,GETOEU Arch Support Flip Flops for Women Square Toe Thong Sandals Comfortable Summer Beach Lightweight Flip Flops,,4.3,$9.99,,,,,,https://www.amazon.com/GETOEU-Support-Sandals-Comfortable-Lightweight/dp/B0H33X2P5N/ref=zg_bsnr_g_679425011_d_sccl_21/135-6066554-5315235?psc=1,"https://images-na.ssl-images-amazon.com/images/I/812JKZIwOpL._AC_UL600_SR600,400_.jpg",60,排名进入前30；标题包含 comfort、arch support、beach、summer，符合美国女鞋舒适化趋势；评分达到4.3以上。
2026-09-05,amazon_us,product,best_sellers,Best Sellers Women Sandals,4,"Ankis Heels for Women Open Toe Ankle Strap Chunky Heel Sandals 2.75 Inch | nude white gold black, adjustable ankle strap, Cushioned footbed, All-day comfort, for various occasions",,4.4,$24.49,,,,,,https://www.amazon.com/Ankis-Nude-Heels-Women-numeric_8/dp/B094CTB3TY/ref=zg_bs_g_679425011_d_sccl_4/131-8686917-9300068?psc=1,"https://images-na.ssl-images-amazon.com/images/I/71dUhT7TubL._AC_UL600_SR600,400_.jpg",58,排名靠前；标题包含 comfort，符合美国女鞋舒适化趋势；评分达到4.3以上。
2026-09-05,amazon_us,product,best_sellers,Best Sellers Women Sandals,7,"CUSHIONAIRE Lane Cork Slide Women's Sandals, Comfortable Sandals for Women | Molded Cork Footbed, Slide Sandals for Women, Adjustable Buckle, Sandals for Wide Feet, Cushioned Sandals for Women, Open Toe",,4.5,$34.99,,,,,,https://www.amazon.com/CUSHIONAIRE-Womens-Slide-Sandals-Brown/dp/B075PBVR9N/ref=zg_bs_g_679425011_d_sccl_7/131-8686917-9300068?psc=1,"https://images-na.ssl-images-amazon.com/images/I/81suZ76XHpL._AC_UL600_SR600,400_.jpg",58,排名靠前；标题包含 comfort，符合美国女鞋舒适化趋势；评分达到4.3以上。
2026-09-05,amazon_us,product,best_sellers,Best Sellers Women Sandals,14,KuaiLu Flip Flops for Women with Arch Support Summer Beach Thong Sandals | Comfortable Yoga Mat Cushion Walking Shoes Slip on Casual Outfits Faux Leather Indoor Outdoor,,4.2,$11.98,,,,,,https://www.amazon.com/KuaiLu-Support-Comfortable-Cushion-Walking/dp/B08GKGCH2R/ref=zg_bs_g_679425011_d_sccl_14/131-8686917-9300068?psc=1,"https://images-na.ssl-images-amazon.com/images/I/81-DUybjK+L._AC_UL600_SR600,400_.jpg",57,排名进入前30；标题包含 comfort、arch support、beach、summer，符合美国女鞋舒适化趋势；评分达到4.0以上。
2026-09-05,amazon_us,product,best_sellers,Best Sellers Women Sandals,22,Project Cloud Flip Flops for Women Memory Foam Flats Sandals | Lightweight and Durable Non-Slip Sole Womens Sandals - Beach Essentials Womens Flat Sandals for Everyday Comfort Daily Wear,,4.1,$22.90,,,,,,https://www.amazon.com/Project-Cloud-Flip-flops-Women/dp/B0D2F7FF1F/ref=zg_bs_g_679425011_d_sccl_22/131-8686917-9300068?psc=1,"https://images-na.ssl-images-amazon.com/images/I/41JMYLSDC3L._AC_UL600_SR600,400_.jpg",56,排名进入前30；标题包含 cloud、comfort、beach，符合美国女鞋舒适化趋势；评分达到4.0以上。
2026-09-05,amazon_us,product,best_sellers,Best Sellers Women Sandals,6,"DREAM PAIRS Women's Comfort Block Heel Sandals | Open Toe Adjustable Ankle Strap Chunky Dress Heels, Fashion Heeled Sandals for Prom, Wedding Guest and Formal Events",,4.2,$27.30,,,,,,https://www.amazon.com/DREAM-PAIRS-Womens-Chunk-Sandals/dp/B01LT7H4EM/ref=zg_bs_g_679425011_d_sccl_6/131-8686917-9300068?psc=1,"https://images-na.ssl-images-amazon.com/images/I/61kVt4DybFL._AC_UL600_SR600,400_.jpg",55,排名靠前；标题包含 comfort，符合美国女鞋舒适化趋势；评分达到4.0以上。
2026-09-05,amazon_us,product,best_sellers,Best Sellers Women Sandals,8,"Weweya Slides for Women Men Shower Shoes House Slippers Beach Sandals | Bathroom, Non Slip, Lightweight",,4.4,$9.98,,,,,,https://www.amazon.com/Weweya-Shower-Bathroom-Slippers-Sandals/dp/B0F1XJ9TM4/ref=zg_bs_g_679425011_d_sccl_8/131-8686917-9300068?psc=1,"https://images-na.ssl-images-amazon.com/images/I/718rk3GaK+L._AC_UL600_SR600,400_.jpg",55,排名靠前；标题包含 beach，符合美国女鞋舒适化趋势；评分达到4.3以上。
2026-09-05,amazon_us,product,best_sellers,Best Sellers Women Sandals,23,OOFOS OOriginal Recovery Sandal - Women’s and Men’s,,4.5,$59.84,,,,,,https://www.amazon.com/OOFOS-OOriginal-Sandal-Womens-Medium/dp/B09X44VHJ5/ref=zg_bs_g_679425011_d_sccl_23/131-8686917-9300068?psc=1,"https://images-na.ssl-images-amazon.com/images/I/51LASkyB4yL._AC_UL600_SR600,400_.jpg",55,排名进入前30；评论数达到50以上；标题包含 recovery，符合美国女鞋舒适化趋势；评分达到4.3以上。
2026-09-05,amazon_us,product,new_releases,New Releases Women Sandals,9,"DREAM PAIRS Women's Stiletto Kitten Heeled Sandals | Pointed Open Toe Chunky Block Heels, Heeled Sandals Wedding Bridal Party, 3.78-inch stiletto heel Comfortable Shoes",,4.0,$39.99,,,,,,https://www.amazon.com/DREAM-PAIRS-Womens-Stiletto-Sandals/dp/B0H2TR91HX/ref=zg_bsnr_g_679425011_d_sccl_9/135-6066554-5315235?psc=1,"https://images-na.ssl-images-amazon.com/images/I/61UGcx94nZL._AC_UL600_SR600,400_.jpg",55,排名靠前；标题包含 comfort，符合美国女鞋舒适化趋势；评分达到4.0以上。
2026-09-05,amazon_us,product,best_sellers,Best Sellers Women Sandals,16,"shevalues Slim Basic Flip Flops for Women with Comfortable Yoga Mat | Lightweight Non Slip Rubber Sandals for Beach, Shower, Pool & Summer Casual Wear",,4.4,$9.99,,,,,,https://www.amazon.com/shevalues-Shower-Rubber-Sandals-Comfortable/dp/B0B68G2D52/ref=zg_bs_g_679425011_d_sccl_16/131-8686917-9300068?psc=1,"https://images-na.ssl-images-amazon.com/images/I/61b4HXgBWfL._AC_UL600_SR600,400_.jpg",54,排名进入前30；标题包含 comfort、beach、summer，符合美国女鞋舒适化趋势；评分达到4.3以上。
2026-09-05,amazon_us,product,best_sellers,Best Sellers Women Sandals,20,KuaiLu Womens Flip Flops Arch Support Yoga Mat Cushioned Thong Sandals | Ladies Comfortable Walking Slides For Plantar Fasciitis Slip On Indoor Outdoor For Summer,,4.1,$23.08,,,,,,https://www.amazon.com/KuaiLu-Comfortable-Walking-Sandals-Fasciitis/dp/B08XX52FHY/ref=zg_bs_g_679425011_d_sccl_20/131-8686917-9300068?psc=1,"https://images-na.ssl-images-amazon.com/images/I/61giVB09JoL._AC_UL600_SR600,400_.jpg",54,排名进入前30；标题包含 comfort、arch support、summer，符合美国女鞋舒适化趋势；评分达到4.0以上。
2026-09-05,amazon_us,product,new_releases,New Releases Women Sandals,28,"CUSHIONAIRE Laz 100% Genuine Leather Cork Footbed Slide Sandals for Women | Slip On Cork Footbed Summer Sandals, Adjustable Buckle Straps, Open Toe Womens Sandals with Arch Support, Two Strap Sandals,",,4.8,$39.99,,,,,,https://www.amazon.com/CUSHIONAIRE-Genuine-Leather-Footbed-Sandals/dp/B0H8FHN5X1/ref=zg_bsnr_g_679425011_d_sccl_28/135-6066554-5315235?psc=1,"https://images-na.ssl-images-amazon.com/images/I/81srhQhObWL._AC_UL600_SR600,400_.jpg",54,排名进入前30；标题包含 arch support、summer，符合美国女鞋舒适化趋势；评分达到4.6以上。
2026-09-05,amazon_us,product,new_releases,New Releases Women Sandals,26,JOY IN LOVE Womens Espadrilles Wedge Sandals Platform Heels Ankle Strap Open Toe Buckle Sandals,,4.5,$39.99,,,,,,https://www.amazon.com/JOY-LOVE-Sandals-Platform-Espadrilles/dp/B0H86RF5T3/ref=zg_bsnr_g_679425011_d_sccl_26/135-6066554-5315235?psc=1,"https://images-na.ssl-images-amazon.com/images/I/81SOYbAwWwL._AC_UL600_SR600,400_.jpg",53,排名进入前30；标题包含 platform、wedge，符合美国女鞋舒适化趋势；评分达到4.3以上。
2026-09-05,amazon_us,product,new_releases,New Releases Women Sandals,1,"CUSHIONAIRE Java Casual Womens Jelly Flats with Adjustable Strap, Closed Toe Mary Janes Mule Design, Waterproof Jelly Sandals for Women",,4.3,$34.99,,,,,,https://www.amazon.com/CUSHIONAIRE-Adjustable-Waterproof-Sandals-Chocolate/dp/B0H4MLLC32/ref=zg_bsnr_g_679425011_d_sccl_1/135-6066554-5315235?psc=1,"https://images-na.ssl-images-amazon.com/images/I/81iCqxPUX6L._AC_UL600_SR600,400_.jpg",52,排名靠前；评分达到4.3以上。
2026-09-05,amazon_us,product,best_sellers,Best Sellers Women Sandals,11,mazeskin Womens Memory Foam Flip Flops Leather Flat Sandals | Vegan Leather Square Toe Cushion Summer Casual Comfortable Slim Thong Beach Slide Shoes Non Slip,,4.0,$9.99,,,,,,https://www.amazon.com/mazeskin-Womens-Memory-Leather-Sandals/dp/B0GRMZ5PFS/ref=zg_bs_g_679425011_d_sccl_11/131-8686917-9300068?psc=1,"https://images-na.ssl-images-amazon.com/images/I/717PAaaaLdL._AC_UL600_SR600,400_.jpg",51,排名进入前30；标题包含 comfort、beach、summer，符合美国女鞋舒适化趋势；评分达到4.0以上。
2026-09-05,amazon_us,product,new_releases,New Releases Women Sandals,3,"Joomra Women's Cork-Inspired Footbed Slides Adjustable Buckle Sandals | Natural Foot-Shaped, Vegan Upper, Two-Strap, Casual Daily Slippers, Walking Comfort, Fashion Indoor Outdoor Sandles",,3.9,$9.99,,,,,,https://www.amazon.com/Joomra-Footbed-Slides-Double-Sandals/dp/B0H4QWZTLX/ref=zg_bsnr_g_679425011_d_sccl_3/135-6066554-5315235?psc=1,"https://images-na.ssl-images-amazon.com/images/I/81sMp+WikpL._AC_UL600_SR600,400_.jpg",51,排名靠前；标题包含 comfort，符合美国女鞋舒适化趋势。
2026-09-05,amazon_us,product,new_releases,New Releases Women Sandals,18,IDIFU IN2 Kitten Heels for Women Square Open Toe Heeled Sandals Dress Shoe | 2.5 Inch Ankle Strap Dressy Sandals Comfortable Party Wedding Daily Wear Heel,,4.6,$26.98,,,,,,https://www.amazon.com/IDIFU-Kitten-Square-Strappy-Wedding/dp/B0GCLK8714/ref=zg_bsnr_g_679425011_d_sccl_18/135-6066554-5315235?psc=1,"https://images-na.ssl-images-amazon.com/images/I/71ZLpte5QqL._AC_UL600_SR600,400_.jpg",51,排名进入前30；标题包含 comfort，符合美国女鞋舒适化趋势；评分达到4.6以上。
2026-09-05,amazon_us,product,new_releases,New Releases Women Sandals,27,"CUSHIONAIRE Mona Slip-On Lightweight Womens Sandals, Comfortable Wedge Flip Flops for Women with Crossover Strap",,4.5,$49.99,,,,,,https://www.amazon.com/CUSHIONAIRE-Lightweight-Sandals-Comfortable-Crossover/dp/B0H9B98GS4/ref=zg_bsnr_g_679425011_d_sccl_27/135-6066554-5315235?psc=1,"https://images-na.ssl-images-amazon.com/images/I/710k2uicqiL._AC_UL600_SR600,400_.jpg",51,排名进入前30；标题包含 comfort、wedge，符合美国女鞋舒适化趋势；评分达到4.3以上。
2026-09-05,amazon_us,product,best_sellers,Best Sellers Women Sandals,27,"REEF Womens Shoes, Neptune | Lightweight Sneaker, Breathable Knit, Soft Cushion Footbed, Crush-Back Heel",,4.5,$59.95,,,,,,https://www.amazon.com/Womens-Neptune-Sneaker-White-Vintage/dp/B0D9HZD9PC/ref=zg_bs_g_679425011_d_sccl_27/131-8686917-9300068?psc=1,"https://images-na.ssl-images-amazon.com/images/I/519dWHTucwL._AC_UL600_SR600,400_.jpg",50,排名进入前30；评论数达到50以上；标题包含 soft，符合美国女鞋舒适化趋势；评分达到4.3以上。
2026-09-05,amazon_us,product,new_releases,New Releases Women Sandals,14,Project Cloud Square Toe Flip Flops For Women-Sandals Women | Womens Flip Flop with Memory Foam Insole Beach Essentials Womens Sandals-Thong Sandals Women Footwear-Square Toe Sandals,,4.1,$29.90,,,,,,https://www.amazon.com/Project-Cloud-Square-Flops-Women-Sandals/dp/B0GY5Y8N35/ref=zg_bsnr_g_679425011_d_sccl_14/135-6066554-5315235?psc=1,"https://images-na.ssl-images-amazon.com/images/I/71nllf30glL._AC_UL600_SR600,400_.jpg",50,排名进入前30；标题包含 cloud、beach，符合美国女鞋舒适化趋势；评分达到4.0以上。
2026-09-05,amazon_us,product,best_sellers,Best Sellers Women Sandals,10,LULLASONG Women's Kitten Heels Sandals Square Open Toe Flip Flop Heels 1.8-2 Inch Heeled Sandals for Women,,4.0,$35.99,,,,,,https://www.amazon.com/LULLASONG-Womens-Kitten-Sandals-Square/dp/B0DCFSM597/ref=zg_bs_g_679425011_d_sccl_10/131-8686917-9300068?psc=1,"https://images-na.ssl-images-amazon.com/images/I/61aVZl7OhqL._AC_UL600_SR600,400_.jpg",49,排名靠前；评分达到4.0以上。
2026-09-05,amazon_us,product,new_releases,New Releases Women Sandals,5,CUSHIONAIRE Toots Thong Strap Jelly Sandals for Women with Low Block Heel,,4.2,$39.98,,,,,,https://www.amazon.com/CUSHIONAIRE-Toots-Thong-Sandals-TORTOISE/dp/B0HB77VL82/ref=zg_bsnr_g_679425011_d_sccl_5/135-6066554-5315235?psc=1,"https://images-na.ssl-images-amazon.com/images/I/71I1E9EQjlL._AC_UL600_SR600,400_.jpg",49,排名靠前；评分达到4.0以上。
2026-09-05,amazon_us,product,best_sellers,Best Sellers Women Sandals,17,"Coutgo Womens Kitten Heel Sandals Heeled Mules Pointed Open Toe High Heels | Comfortable, Sexy, Slip On, Backless, Dress Shoes, 3.2 Inch, Peep Toe, Wedding, Bridal, Party, Prom, Graduation",,4.3,$33.99,,,,,,https://www.amazon.com/Coutgo-Womens-Pointed-Backless-Sandals/dp/B0DG25L7P9/ref=zg_bs_g_679425011_d_sccl_17/131-8686917-9300068?psc=1,"https://images-na.ssl-images-amazon.com/images/I/61rZuSoH5yL._AC_UL600_SR600,400_.jpg",48,排名进入前30；标题包含 comfort，符合美国女鞋舒适化趋势；评分达到4.3以上。
2026-09-05,amazon_us,product,best_sellers,Best Sellers Women Sandals,19,SKETOE Kitten Heels for Women Square Toe Sandals Flip Flop Heels Thong Sandals Comfortable Summer 2 Inch Heels Sandals,,4.1,$28.99,,,,,,https://www.amazon.com/SKETOE-Kitten-Square-Sandals-Comfortable/dp/B0F4QHKCDM/ref=zg_bs_g_679425011_d_sccl_19/131-8686917-9300068?psc=1,"https://images-na.ssl-images-amazon.com/images/I/61WGe4p1FWL._AC_UL600_SR600,400_.jpg",48,排名进入前30；标题包含 comfort、summer，符合美国女鞋舒适化趋势；评分达到4.0以上。
2026-09-05,amazon_us,product,best_sellers,Best Sellers Women Sandals,25,"CUSHIONAIRE Luna Cork Footbed Sandals for Women with Crossover Straps | Womens Sandals with Arch Support, Adjustable Buckle Straps, Walking Sandals Women, Wide Widths, Cushioned Sandals for Women",,4.5,$34.99,,,,,,https://www.amazon.com/CUSHIONAIRE-Next-Womens-Slide-Sandals-Brown/dp/B073XS7BW7/ref=zg_bs_g_679425011_d_sccl_25/131-8686917-9300068?psc=1,"https://images-na.ssl-images-amazon.com/images/I/81TDeaArVJL._AC_UL600_SR600,400_.jpg",48,排名进入前30；标题包含 arch support，符合美国女鞋舒适化趋势；评分达到4.3以上。
2026-09-05,amazon_us,product,new_releases,New Releases Women Sandals,4,"CUSHIONAIRE Aqua Jelly Flip Flops for Women | Jelly Shoes Glossy Upper, Slip-On Thong Design, Open Round Toe, Quick-Dry Beach and Pool Friendly, Travel-Ready Resort Style",,3.4,$29.99,,,,,,https://www.amazon.com/CUSHIONAIRE-Jelly-Flops-Women-CHOCOLATE/dp/B0H6BZ8F8Y/ref=zg_bsnr_g_679425011_d_sccl_4/135-6066554-5315235?psc=1,"https://images-na.ssl-images-amazon.com/images/I/71LKwjHednL._AC_UL600_SR600,400_.jpg",48,排名靠前；标题包含 beach，符合美国女鞋舒适化趋势。
2026-09-05,amazon_us,product,new_releases,New Releases Women Sandals,12,"DREAM PAIRS Women's Kitten Strappy Heel Sandals | Slip On Heeled Sandals for Women, Open Toe Summer Sandals for Weddings, Parties, Work and Dressy Occasions",,4.7,$34.99,,,,,,https://www.amazon.com/DREAM-PAIRS-Womens-Strappy-Sandals/dp/B0H6JD8BLV/ref=zg_bsnr_g_679425011_d_sccl_12/135-6066554-5315235?psc=1,"https://images-na.ssl-images-amazon.com/images/I/615T5Gm9P5L._AC_UL600_SR600,400_.jpg",48,排名进入前30；标题包含 summer，符合美国女鞋舒适化趋势；评分达到4.6以上。
2026-09-05,amazon_us,product,new_releases,New Releases Women Sandals,17,"DREAM PAIRS Women's Kitten Low Heel Ankle Strap Sandals | 2.72 Inch,Comfortable Fashion Open Toe Sandals,4mm Cushioning,Suitable for Casual Daily Formal Wedding Prom Party Date Night",,4.3,$34.99,,,,,,https://www.amazon.com/DREAM-PAIRS-Womens-Kitten-Sandals/dp/B0H6HQLMPS/ref=zg_bsnr_g_679425011_d_sccl_17/135-6066554-5315235?psc=1,"https://images-na.ssl-images-amazon.com/images/I/61CAc3Q1dNL._AC_UL600_SR600,400_.jpg",48,排名进入前30；标题包含 comfort，符合美国女鞋舒适化趋势；评分达到4.3以上。
2026-09-05,amazon_us,product,new_releases,New Releases Women Sandals,20,DOBOLIN Kitten Heel Sandals Slip On Open Toe Strappy Heels For Women Strappy Sandals Slides Comfortable Dress Shoes,,4.3,$21.99,,,,,,https://www.amazon.com/DOBOLIN-Kitten-Sandals-Strappy-Comfortable/dp/B0GXJ8GQ9V/ref=zg_bsnr_g_679425011_d_sccl_20/135-6066554-5315235?psc=1,"https://images-na.ssl-images-amazon.com/images/I/7155S0dRLaL._AC_UL600_SR600,400_.jpg",48,排名进入前30；标题包含 comfort，符合美国女鞋舒适化趋势；评分达到4.3以上。
2026-09-05,amazon_us,product,new_releases,New Releases Women Sandals,22,threepurple Women's Non-Slip Flip Flops Ultra Lightweight Basic Thongs Rubber Soft Slide Slip-on Shoes Beach Pool Shower Sandals,,4.3,$7.99,,,,,,https://www.amazon.com/threepurple-Womens-Non-Slip-Lightweight-Sandals/dp/B0HB9L47CH/ref=zg_bsnr_g_679425011_d_sccl_22/135-6066554-5315235?psc=1,"https://images-na.ssl-images-amazon.com/images/I/71-qSzOW17L._AC_UL600_SR600,400_.jpg",48,排名进入前30；标题包含 soft、beach，符合美国女鞋舒适化趋势；评分达到4.3以上。
2026-09-05,amazon_us,product,new_releases,New Releases Women Sandals,29,DOBOLIN Rhinestone Heels 1.3 Inch Strappy Square Open Toe Heeled Sandals Slip on Sparkly Low Block Chunky Heels for Women Dressy Shoes Comfortable,,4.4,$33.99,,,,,,https://www.amazon.com/DOBOLIN-Rhinestone-Strappy-Sandals-Comfortable/dp/B0GWMJH2GW/ref=zg_bsnr_g_679425011_d_sccl_29/135-6066554-5315235?psc=1,"https://images-na.ssl-images-amazon.com/images/I/61rNnk31FgL._AC_UL600_SR600,400_.jpg",48,排名进入前30；标题包含 comfort，符合美国女鞋舒适化趋势；评分达到4.3以上。
2026-09-05,amazon_us,product,new_releases,New Releases Women Sandals,11,"Easyfox Chunky Platform Heels for Women Open Toe Block Heeled Sandals | Square Open Toe, Ankle Strap, Chunky Platform Block Heel, Womens Heeled Strappy Sandals for Dates, Wedding and Daily Outfits",,4.2,$44.99,,,,,,https://www.amazon.com/Easyfox-Platform-Chunky-Heeled-Sandals/dp/B0HCTTDHP5/ref=zg_bsnr_g_679425011_d_sccl_11/135-6066554-5315235?psc=1,"https://images-na.ssl-images-amazon.com/images/I/61kEysca9jL._AC_UL600_SR600,400_.jpg",47,排名进入前30；标题包含 platform，符合美国女鞋舒适化趋势；评分达到4.0以上。
2026-09-05,amazon_us,product,best_sellers,Best Sellers Women Sandals,13,Clarks Women's Breeze Sea Flip-Flop,,4.7,$36.95,,,,,,https://www.amazon.com/Clarks-Womens-Breeze-Flip-Synthetic/dp/B01FH9EOUK/ref=zg_bs_g_679425011_d_sccl_13/131-8686917-9300068?psc=1,"https://images-na.ssl-images-amazon.com/images/I/61CUHH0LXiL._AC_UL600_SR600,400_.jpg",45,排名进入前30；评分达到4.6以上。
2026-09-05,amazon_us,product,best_sellers,Best Sellers Women Sandals,15,"WHITIN Women's Slides with Cushioned Thick Sole Slippers for Home Wear Y13 | Comfort for Daily Wear, Waterproof & Easy to Clean, Indoor & Outdoor Versatility, Lightweight EVA for All-Day",,4.1,$9.99,,,,,,https://www.amazon.com/WHITIN-Slippers-Sandals-Fashionable-Lightweight/dp/B0C1C3MKLF/ref=zg_bs_g_679425011_d_sccl_15/131-8686917-9300068?psc=1,"https://images-na.ssl-images-amazon.com/images/I/71nA8egRirL._AC_UL600_SR600,400_.jpg",45,排名进入前30；标题包含 comfort，符合美国女鞋舒适化趋势；评分达到4.0以上。
2026-09-05,amazon_us,product,best_sellers,Best Sellers Women Sandals,33,ONCAI Women's Flip Flops Comfortable Arch Support Yoga Mat Summer Beach Walking Thong Cushion Sandals Ladies Outdoor Vacation Essentials Slide Shoes Rubber Soles US Size 5-11,,4.3,$13.99,,,,,,https://www.amazon.com/ONCAI-Support-Athletic-Orthotic-Fasciitis/dp/B0D2292JM9/ref=zg_bs_g_679425011_d_sccl_33/131-8686917-9300068?psc=1,"https://images-na.ssl-images-amazon.com/images/I/71iVIX1IyIL._AC_UL300_SR300,200_.jpg",45,排名进入前50；标题包含 comfort、arch support、beach、summer，符合美国女鞋舒适化趋势；评分达到4.3以上。
2026-09-05,amazon_us,product,new_releases,New Releases Women Sandals,2,CUSHIONAIRE Riot Jelly Thong Kitten Heels for Women,,3.7,$31.99,,,,,,https://www.amazon.com/CUSHIONAIRE-Jelly-Thong-Kitten-CHOCOLATE/dp/B0H6C47CT3/ref=zg_bsnr_g_679425011_d_sccl_2/135-6066554-5315235?psc=1,"https://images-na.ssl-images-amazon.com/images/I/71cl7MmlX-L._AC_UL600_SR600,400_.jpg",45,排名靠前。
2026-09-05,amazon_us,product,new_releases,New Releases Women Sandals,19,IDIFU IN1 Kitten Flip Flop Heels for Women Square Open Toe Low Heel | Wedding Bride Graduation Party Slide Dress Shoes Comfortable Cute Trendy Casual Thong Slip On Strappy Low Heeled Sandals,,4.0,$29.99,,,,,,https://www.amazon.com/IDIFU-Gold-Heels-Kitten-Square/dp/B0H33NLC5H/ref=zg_bsnr_g_679425011_d_sccl_19/135-6066554-5315235?psc=1,"https://images-na.ssl-images-amazon.com/images/I/612hFK868jL._AC_UL600_SR600,400_.jpg",45,排名进入前30；标题包含 comfort，符合美国女鞋舒适化趋势；评分达到4.0以上。
2026-09-05,amazon_us,product,best_sellers,Best Sellers Women Sandals,31,"Reef Cushion Vista Hi Womens Platform Fashion Sandal, Arch Support, Ultra Soft Cushion Footbed",,4.3,$39.91,,,,,,https://www.amazon.com/Reef-Womens-Cushion-Vista-Hi/dp/B09K8WMWN6/ref=zg_bs_g_679425011_d_sccl_31/131-8686917-9300068?psc=1,"https://images-na.ssl-images-amazon.com/images/I/61wij8MIiAL._AC_UL300_SR300,200_.jpg",44,排名进入前50；标题包含 platform、arch support、soft，符合美国女鞋舒适化趋势；评分达到4.3以上。
2026-09-05,amazon_us,product,best_sellers,Best Sellers Women Sandals,18,Havaianas Women's Slim Square Solid Flip Flops | Beach Sandals,,4.1,$25.00,,,,,,https://www.amazon.com/Havaianas-Womens-Square-Solid-Medium/dp/B0BBPX6J6F/ref=zg_bs_g_679425011_d_sccl_18/131-8686917-9300068?psc=1,"https://images-na.ssl-images-amazon.com/images/I/519tF5UFGFL._AC_UL600_SR600,400_.jpg",42,排名进入前30；标题包含 beach，符合美国女鞋舒适化趋势；评分达到4.0以上。
2026-09-05,amazon_us,product,best_sellers,Best Sellers Women Sandals,30,"Amazon Essentials Women's Two Strap Heeled Sandals with Adjustable Ankle Strap, Padded Memory Foam Insole",,4.4,$27.10,,,,,,https://www.amazon.com/Amazon-Essentials-Womens-Nola-Heeled/dp/B08LPVFHDY/ref=zg_bs_g_679425011_d_sccl_30/131-8686917-9300068?psc=1,"https://images-na.ssl-images-amazon.com/images/I/71gXk60IUaL._AC_UL600_SR600,400_.jpg",42,排名进入前30；评分达到4.3以上。
2026-09-05,amazon_us,product,new_releases,New Releases Women Sandals,24,GOUPSKY Women's Chunky Heel Mules Slip On Square Open Toe Mesh Sandals Summer Dressy Block Heeled Shoes for Vacation Party Wedding,,4.1,$39.98,,,,,,https://www.amazon.com/GOUPSKY-Chunky-Strappy-Sandals-Wedding/dp/B0H3KJZ83V/ref=zg_bsnr_g_679425011_d_sccl_24/135-6066554-5315235?psc=1,"https://images-na.ssl-images-amazon.com/images/I/61srW3HPThL._AC_UL600_SR600,400_.jpg",42,排名进入前30；标题包含 summer，符合美国女鞋舒适化趋势；评分达到4.0以上。
2026-09-05,amazon_us,product,new_releases,New Releases Women Sandals,25,Caradise Jelly Mule Kitten Heel Sandals for Women Summer Jelly Shoes,,4.0,$49.99,,,,,,https://www.amazon.com/Caradise-Jelly-Kitten-Sandals-Summer/dp/B0H5PJ9H4G/ref=zg_bsnr_g_679425011_d_sccl_25/135-6066554-5315235?psc=1,"https://images-na.ssl-images-amazon.com/images/I/61GKR9y5HSL._AC_UL600_SR600,400_.jpg",42,排名进入前30；标题包含 summer，符合美国女鞋舒适化趋势；评分达到4.0以上。
2026-09-05,amazon_us,product,new_releases,New Releases Women Sandals,33,"VIVASUN Flip Flops for Women with Arch Support Non-Slip Thong Sandals for Beach, Pool, Shower, Casual Summer Wear Comfortable Flip Flops",,4.1,$9.99,,,,,,https://www.amazon.com/VIVASUN-Support-Non-Slip-Sandals-Comfortable/dp/B0H3JMZ11X/ref=zg_bsnr_g_679425011_d_sccl_33/131-8686917-9300068?psc=1,"https://images-na.ssl-images-amazon.com/images/I/61u9FrNqQQL._AC_UL300_SR300,200_.jpg",42,排名进入前50；标题包含 comfort、arch support、beach、summer，符合美国女鞋舒适化趋势；评分达到4.0以上。
2026-09-05,amazon_us,product,new_releases,New Releases Women Sandals,16,xhuoqdk Fashion Kitten Heel Thong Sandals for Women Square Open Toe Slip‑On Slides Summer Casual Dress Heeled Flip‑Flops Beach Shoes,,,$16.99,,,,,,https://www.amazon.com/xhuoqdk-Fashion-Flip%E2%80%91Flops-Sandalias-Black/dp/B0HGS4Y5RQ/ref=zg_bsnr_g_679425011_d_sccl_16/135-6066554-5315235?psc=1,"https://images-na.ssl-images-amazon.com/images/I/51hdH70vArL._AC_UL600_SR600,400_.jpg",41,排名进入前30；标题包含 beach、summer，符合美国女鞋舒适化趋势。
2026-09-05,amazon_us,product,best_sellers,Best Sellers Women Sandals,21,PiePieBuy Women's Lace Up Heeled Sandals Square Flip Flop High Heels Strappy Party Shoes,,4.1,$24.98,,,,,,https://www.amazon.com/PiePieBuy-Womens-Kitten-Sandals-Square/dp/B09N3LZTJX/ref=zg_bs_g_679425011_d_sccl_21/131-8686917-9300068?psc=1,"https://images-na.ssl-images-amazon.com/images/I/61L4UgP8LlL._AC_UL600_SR600,400_.jpg",39,排名进入前30；评分达到4.0以上。
2026-09-05,amazon_us,product,new_releases,New Releases Women Sandals,23,CUSHIONAIRE Markie Chunky Block Heel Sandals for Women with Faux Wood Heel and Memory Foam,,4.2,$49.99,,,,,,https://www.amazon.com/CUSHIONAIRE-Markie-Chunky-Sandals-CHOCOLATE/dp/B0H7CTLXCK/ref=zg_bsnr_g_679425011_d_sccl_23/135-6066554-5315235?psc=1,"https://images-na.ssl-images-amazon.com/images/I/81W1PcaRo-L._AC_UL600_SR600,400_.jpg",39,排名进入前30；评分达到4.0以上。
2026-09-05,amazon_us,product,new_releases,New Releases Women Sandals,31,Littleplum Women's Flat Sandals Arch Support Comfortable Slide Sandals Open Toe Orthotic Walking Sandals,,4.3,$27.99,,,,,,https://www.amazon.com/Littleplum-Sandals-Support-Orthotic-Comfortable/dp/B0GYNZZPYX/ref=zg_bsnr_g_679425011_d_sccl_31/131-8686917-9300068?psc=1,"https://images-na.ssl-images-amazon.com/images/I/818Hx6rse8L._AC_UL300_SR300,200_.jpg",39,排名进入前50；标题包含 comfort、arch support，符合美国女鞋舒适化趋势；评分达到4.3以上。
2026-09-05,amazon_us,product,best_sellers,Best Sellers Women Sandals,36,KuaiLu Womens Fashion Orthotic Slides Arch Support Slip On Walking Sandals | Ladies Lightweight Athletic Yoga Mat Thick Cushion Slippers Sandals With Comfortable Plantar Fasciitis,,4.0,$25.99,,,,,,https://www.amazon.com/Orthotic-Lightweight-Athletic-Comfortable-Fasciitis/dp/B092ZVHTS4/ref=zg_bs_g_679425011_d_sccl_36/131-8686917-9300068?psc=1,"https://images-na.ssl-images-amazon.com/images/I/71FIt3eq-6L._AC_UL300_SR300,200_.jpg",36,排名进入前50；标题包含 comfort、arch support，符合美国女鞋舒适化趋势；评分达到4.0以上。
2026-09-05,amazon_us,product,best_sellers,Best Sellers Women Sandals,37,PIZZ ANNU Women's Low Block Chunky Heels Sandals Comfortable Open Toe Ankle Strap Party Dress Pump Shoes Strappy Buckle Heeled Sandal with 2 Inches Tall Thick Heel Design,,4.4,$28.04,,,,,,https://www.amazon.com/PIZZ-ANNU-Sandals-Wedding-Glitter/dp/B0B465ZBH6/ref=zg_bs_g_679425011_d_sccl_37/131-8686917-9300068?psc=1,"https://images-na.ssl-images-amazon.com/images/I/71N1hjwzuWL._AC_UL300_SR300,200_.jpg",33,排名进入前50；标题包含 comfort，符合美国女鞋舒适化趋势；评分达到4.3以上。
2026-09-05,amazon_us,product,new_releases,New Releases Women Sandals,37,"DOBOLIN 1.8 Inch Women's Heeled Sandals Low Block Womens Dress Shoes | Comfortable Short Chunky Heels Open Toe Ankle Strap Casual Pumps Shoes Wedding Party Office (Run Large, Size Half Down)",,4.3,$28.99,,,,,,https://www.amazon.com/DOBOLIN-Womens-Heeled-Sandals-Block/dp/B0GYD2C9XC/ref=zg_bsnr_g_679425011_d_sccl_37/131-8686917-9300068?psc=1,"https://images-na.ssl-images-amazon.com/images/I/61ITG6AOpoL._AC_UL300_SR300,200_.jpg",33,排名进入前50；标题包含 comfort，符合美国女鞋舒适化趋势；评分达到4.3以上。
2026-09-05,amazon_us,product,new_releases,New Releases Women Sandals,35,Clmhoe Suede Zebra High Heeled Sandals for Women Open Peep Toe Mules Slip On Stiletto Slides Casual Wedding Comfortable Pumps Shoes,,3.9,$54.99,,,,,,https://www.amazon.com/Clmhoe-Sandals-Stiletto-Wedding-Comfortable/dp/B0HCCJG13Z/ref=zg_bsnr_g_679425011_d_sccl_35/131-8686917-9300068?psc=1,"https://images-na.ssl-images-amazon.com/images/I/71mcbmHWhmL._AC_UL300_SR300,200_.jpg",31,排名进入前50；评论数达到50以上；标题包含 comfort，符合美国女鞋舒适化趋势。
2026-09-05,amazon_us,product,best_sellers,Best Sellers Women Sandals,35,"Ankis Women Nude White Gold Black Sandals Open Toe 1 Inch Low Block Heel | 1-inch short heel, adjustable ankle strap, 5mm latex cushioned insole, comfortable walking, for wedding, dressy, formal event",,4.2,$34.99,,,,,,https://www.amazon.com/Ankis-Sandals-Comfortable-Adjustable-Available/dp/B0BPL95VFW/ref=zg_bs_g_679425011_d_sccl_35/131-8686917-9300068?psc=1,"https://images-na.ssl-images-amazon.com/images/I/51EOkpMrmNL._AC_UL300_SR300,200_.jpg",30,排名进入前50；标题包含 comfort，符合美国女鞋舒适化趋势；评分达到4.0以上。
2026-09-05,amazon_us,product,best_sellers,Best Sellers Women Sandals,38,"mysoft Women's Chunky Heels Open Toe Dress Sandals with Ankle Strap | Block Low Prom Heel, Adjustable Ankle Strap, Perfect for Wedding and Party, Four Seasons Classic Versatile",,4.4,$27.96,,,,,,https://www.amazon.com/mysoft-Womens-Chunky-Wedding-Sandals/dp/B09K7F4YP2/ref=zg_bs_g_679425011_d_sccl_38/131-8686917-9300068?psc=1,"https://images-na.ssl-images-amazon.com/images/I/71Sf6IDXUGL._AC_UL300_SR300,200_.jpg",30,排名进入前50；标题包含 soft，符合美国女鞋舒适化趋势；评分达到4.3以上。
2026-09-05,amazon_us,product,new_releases,New Releases Women Sandals,34,IDIFU Womens Strappy Heels Low Chunky Block Square Open Toe Heeled Sandals | IN3 Slingback Short Small Thick Adjustable Ankle Strap Heels Wedding Prom Bridal Office Party Dressy Dress Shoes for Women,,4.7,$30.99,,,,,,https://www.amazon.com/IDIFU-Womens-Strappy-Chunky-Sandals/dp/B0GZN23VG2/ref=zg_bsnr_g_679425011_d_sccl_34/131-8686917-9300068?psc=1,"https://images-na.ssl-images-amazon.com/images/I/71JL-3WxW1L._AC_UL300_SR300,200_.jpg",30,排名进入前50；评分达到4.6以上。
2026-09-05,amazon_us,product,new_releases,New Releases Women Sandals,38,"LOOPCHARM Women's Strappy High Heels Square Open Toe Ankle Strap Sandals | Comfortable Sexy Dress Sandals Adjustable Ankle Strap Shoes 3.55-Inch Stiletto Heel for Parties,Weddings Work.",,4.2,$39.99,,,,,,https://www.amazon.com/LOOPCHARM-Womens-Strappy-Sandals-Rhinestone/dp/B0H261NJGY/ref=zg_bsnr_g_679425011_d_sccl_38/131-8686917-9300068?psc=1,"https://images-na.ssl-images-amazon.com/images/I/71hVeBc3wWL._AC_UL300_SR300,200_.jpg",30,排名进入前50；标题包含 comfort，符合美国女鞋舒适化趋势；评分达到4.0以上。
2026-09-05,amazon_us,product,new_releases,New Releases Women Sandals,32,"DREAM PAIRS Women's Chunky Low Heel Thong Sandals | Square Open Toe Slip On, Flip Flop Summer Heels, Comfortable Elgeant Going Out Sandals, Causal for Travel Daily Party Events",,3.9,$27.99,,,,,,https://www.amazon.com/DREAM-PAIRS-Womens-Chunky-Sandals/dp/B0H4FJFZ2C/ref=zg_bsnr_g_679425011_d_sccl_32/131-8686917-9300068?psc=1,"https://images-na.ssl-images-amazon.com/images/I/61B769rYVcL._AC_UL300_SR300,200_.jpg",29,排名进入前50；标题包含 comfort、summer，符合美国女鞋舒适化趋势。
2026-09-05,amazon_us,product,best_sellers,Best Sellers Women Sandals,32,Havaianas Women's Slim Sandals | Casual Sandals,,4.5,$29.00,,,,,,https://www.amazon.com/Havaianas-Womens-Slim-Sandal-Black/dp/B000NBGN0W/ref=zg_bs_g_679425011_d_sccl_32/131-8686917-9300068?psc=1,"https://images-na.ssl-images-amazon.com/images/I/61JHkRJJEFL._AC_UL300_SR300,200_.jpg",27,排名进入前50；评分达到4.3以上。
2026-09-05,amazon_us,product,new_releases,New Releases Women Sandals,36,"Athlefit Chunky Block Heels for Women Open Toe Ankle Strap Heeled Sandals | PU Leather Upper, 2-Inch Block Heel, Metal Chain Detail, Cushioned Footbed, TPR Outsole, Dress, Wedding, Party, Prom, Evening",,4.3,$34.99,,,,,,https://www.amazon.com/Athlefit-Black-Block-Heels-Sandals/dp/B0GL81H9BX/ref=zg_bsnr_g_679425011_d_sccl_36/131-8686917-9300068?psc=1,"https://images-na.ssl-images-amazon.com/images/I/71jPtbfgSrL._AC_UL300_SR300,200_.jpg",27,排名进入前50；评分达到4.3以上。
2026-09-05,amazon_us,product,best_sellers,Best Sellers Women Sandals,34,Mindeeryy Thong Sandals Kitten Heels Square Toe Flip Flops | Slip On Heels for Women Kitten Heel Sandals Low Heel 2.4 Inch for Casual,,4.0,$24.30,,,,,,https://www.amazon.com/Mindeeryy-Sandals-Kitten-Square-Casual/dp/B0FCRDGLFG/ref=zg_bs_g_679425011_d_sccl_34/131-8686917-9300068?psc=1,"https://images-na.ssl-images-amazon.com/images/I/61huhY2r7vL._AC_UL300_SR300,200_.jpg",24,排名进入前50；评分达到4.0以上。
